unit_id,repo_id,artifact_family,artifact_path,governed_code_commit,governed_code_commit_message,changed_paths_in_governed_commit,governed_commit_diff_summary,artifact_contents_at_governed_commit,artifact_excerpt,context_availability_notes,manual_is_semantically_synchronized,manual_confidence,manual_reason_tag,manual_reason_free_text,annotator,annotated_at
aaeefabcb61a,astral-sh/ruff,instructions,AGENTS.md,2f2d72dc956ca485e41bb191fb48c704fb519201,"[`flake8-logging`] Stabilize `root-logger-call` (`LOG015`) (#16654) Summary -- Stabilizes LOG015. The tests and docs looked good. Test Plan -- 1 closed documentation issue from 4 days after the rule was added, but no other issues or PRs.",crates/ruff_linter/src/codes.rs,"crates/ruff_linter/src/codes.rs | 2 +- 1 file changed, 1 insertion(+), 1 deletion(-)",,,"artifact_at_governed_commit:unavailable_at_commit:fatal: la ruta 'AGENTS.md' existe en disco, pero no en '2f2d72dc956ca485e41bb191fb48c704fb519201'",,,,,annotator_C,
66897395a5b9,BerriAI/litellm,documentation,README.md,1f2bbda11d5a664879921c047bc718e11d92503d,"Add recursion depth to convert_anyof_null_to_nullable, constants.py. Fix recursive_detector.py raise error state",litellm/constants.py;litellm/litellm_core_utils/safe_json_dumps.py;litellm/litellm_core_utils/sensitive_data_masker.py;litellm/llms/vertex_ai/common_utils.py;litellm/proxy/proxy_server.py;tests/code_coverage_tests/recursive_detector.py;tests/litellm/llms/vertex_ai/test_vertex_ai_common_utils.py,"litellm/constants.py | 1 + litellm/litellm_core_utils/safe_json_dumps.py | 3 +- .../litellm_core_utils/sensitive_data_masker.py | 3 +- litellm/llms/vertex_ai/common_utils.py | 11 ++++++-- litellm/proxy/proxy_server.py | 3 +- tests/code_coverage_tests/recursive_detector.py | 33 ++++++++++++++-------- .../llms/vertex_ai/test_vertex_ai_common_utils.py | 25 ++++++++++++++++ 7 files changed, 62 insertions(+), 17 deletions(-)","<h1 align=""center""> 🚅 LiteLLM </h1> <p align=""center""> <p align=""center""> <a href=""https://render.com/deploy?repo=https://github.com/BerriAI/litellm"" target=""_blank"" rel=""nofollow""><img src=""https://render.com/images/deploy-to-render-button.svg"" alt=""Deploy to Render""></a> <a href=""https://railway.app/template/HLP0Ub?referralCode=jch2ME""> <img src=""https://railway.app/button.svg"" alt=""Deploy on Railway""> </a> </p> <p align=""center"">Call all LLM APIs using the OpenAI format [Bedrock, Huggingface, VertexAI, TogetherAI, Azure, OpenAI, Groq etc.] <br> </p> <h4 align=""center""><a href=""https://docs.litellm.ai/docs/simple_proxy"" target=""_blank"">LiteLLM Proxy Server (LLM Gateway)</a> | <a href=""https://docs.litellm.ai/docs/hosted"" target=""_blank""> Hosted Proxy (Preview)</a> | <a href=""https://docs.litellm.ai/docs/enterprise""target=""_blank"">Enterprise Tier</a></h4> <h4 align=""center""> <a href=""https://pypi.org/project/litellm/"" target=""_blank""> <img src=""https://img.shields.io/pypi/v/litellm.svg"" alt=""PyPI Version""> </a> <a href=""https://www.ycombinator.com/companies/berriai""> <img src=""https://img.shields.io/badge/Y%20Combinator-W23-orange?style=flat-square"" alt=""Y Combinator W23""> </a> <a href=""https://wa.link/huol9n""> <img src=""https://img.shields.io/static/v1?label=Chat%20on&message=WhatsApp&color=success&logo=WhatsApp&style=flat-square"" alt=""Whatsapp""> </a> <a href=""https://discord.gg/wuPM9dRgDw""> <img src=""https://img.shields.io/static/v1?label=Chat%20on&message=Discord&color=blue&logo=Discord&style=flat-square"" alt=""Discord""> </a> </h4> LiteLLM manages: - Translate inputs to provider's `completion`, `embedding`, and `image_generation` endpoints - [Consistent output](https://docs.litellm.ai/docs/completion/output), text responses will always be available at `['choices'][0]['message']['content']` - Retry/fallback logic across multiple deployments (e.g. Azure/OpenAI) - [Router](https://docs.litellm.ai/docs/routing) - Set Budgets & Rate limits per project, api key, model [LiteLLM Proxy Server (LLM Gateway)](https://docs.litellm.ai/docs/simple_proxy) [**Jump to LiteLLM Proxy (LLM Gateway) Docs**](https://github.com/BerriAI/litellm?tab=readme-ov-file#openai-proxy---docs) <br> [**Jump to Supported LLM Providers**](https://github.com/BerriAI/litellm?tab=readme-ov-file#supported-providers-docs) 🚨 **Stable Release:** Use docker images with the `-stable` tag. These have undergone 12 hour load tests, before being published. [More information about the release cycle here](https://docs.litellm.ai/docs/proxy/release_cycle) Support for more providers. Missing a provider or LLM Platform, raise a [feature request](https://github.com/BerriAI/litellm/issues/new?assignees=&labels=enhancement&projects=&template=feature_request.yml&title=%5BFeature%5D%3A+). # Usage ([**Docs**](https://docs.litellm.ai/docs/)) > [!IMPORTANT] > LiteLLM v1.0.0 now requires `openai>=1.0.0`. Migration guide [here](https://docs.litellm.ai/docs/migration) > LiteLLM v1.40.14+ now requires `pydantic>=2.0.0`. No changes required. <a target=""_blank"" href=""https://colab.research.google.com/github/BerriAI/litellm/blob/main/cookbook/liteLLM_Getting_Started.ipynb""> <img src=""https://colab.research.google.com/assets/colab-badge.svg"" alt=""Open In Colab""/> </a> ```shell pip install litellm ``` ```python from litellm import completion import os ## set ENV variables os.environ[""OPENAI_API_KEY""] = ""your-openai-key"" os.environ[""ANTHROPIC_API_KEY""] = ""your-anthropic-key"" messages = [{ ""content"": ""Hello, how are you?"",""role"": ""user""}] # openai call response = completion(model=""openai/gpt-4o"", messages=messages) # anthropic call response = completion(model=""anthropic/claude-3-sonnet-20240229"", messages=messages) print(response) ``` ### Response (OpenAI Format) ```json { ""id"": ""chatcmpl-565d891b-a42e-4c39-8d14-82a1f5208885"", ""created"": 1734366691, ""model"": ""claude-3-sonnet-20240229"", ""object"": ""chat.completion"", ""system_fingerprint"": null, ""choices"": [ { ""finish_reason"": ""stop"", ""index"": 0, ...","<h1 align=""center""> 🚅 LiteLLM </h1> <p align=""center""> <p align=""center""> <a href=""https://render.com/deploy?repo=https://github.com/BerriAI/litellm"" target=""_blank"" rel=""nofollow""><img src=""https://render.com/images/deploy-to-render-button.svg"" alt=""Deploy to Render""></a> <a href=""https://railway.app/template/HLP0Ub?referralCode=jch2ME""> <img src=""https://railway.app/button.svg"" alt=""Deploy on Railway""> </a> </p> <p align=""center"">Call all LLM APIs using the OpenAI format [Bedrock, Huggingface, VertexAI, TogetherAI, Azure, OpenAI, Groq etc.] <br> </p> <h4 align=""center""><a href=""https://docs.litellm.ai/docs/simple_proxy"" target=""_blank"">LiteLLM Proxy Server (LLM Gateway)</a> | <a href=""https://docs.litellm.ai/docs/hosted"" target=""_blank""> Hosted Proxy (Preview)</a> | <a href=""https://docs.litellm.ai/docs/enterprise""target=""_blank"">Enterprise Tier</a></h4> <h4 align=""center""> <a href=""https://pypi.org/project/litellm/"" target=""_blank""> <img src=""https://img.shields.io/pypi/v/litellm.svg"" alt=""PyPI Version""> </a> <a href=""https://www.ycombinator.com/companies/berriai""> <img src=""https://img.shields.io/badge/Y%20Combinator-W23-orange?style=flat-square"" alt=""Y Combinator W23""> </a>...",artifact_at_governed_commit:ok,,,,,annotator_C,
f57fd7c75b3a,BerriAI/litellm,configuration,package.json,4b03bf92df4cbab03a25d7a852f48c38b54d7ab7,ui new build,litellm/proxy/_experimental/out/_next/static/Sl93SLxMrM7IynQ6nBTD8/_buildManifest.js;litellm/proxy/_experimental/out/_next/static/Sl93SLxMrM7IynQ6nBTD8/_ssgManifest.js;litellm/proxy/_experimental/out/_next/static/chunks/250-9a2921f8b9df8d84.js;litellm/proxy/_experimental/out/_next/static/chunks/250-b6fb18f207dfd445.js;litellm/proxy/_experimental/out/_next/static/chunks/313-9496b55e0596d651.js;litellm/proxy/_experimental/out/_next/static/chunks/313-bba577664545e320.js;litellm/proxy/_experimental/out/_next/static/chunks/402-ba983153c902cb17.js;litellm/proxy/_experimental/out/_next/static/chunks/402-cba8184a1bf36c3c.js;litellm/proxy/_experimental/out/_next/static/chunks/603-0fae74d4aee0db69.js;litellm/proxy/_experimental/out/_next/static/chunks/603-db68c53976a3d5b6.js;litellm/proxy/_experimental/out/_next/static/chunks/899-768e8bb08fd1e694.js;litellm/proxy/_experimental/out/_next/static/chunks/899-ebef5c8ffc176e86.js;litellm/proxy/_experimental/out/_next/static/chunks/app/page-1ec625cdd0995402.js;litellm/proxy/_experimental/out/_next/static/chunks/app/page-3842ecb5c92caf93.js;litellm/proxy/_experimental/out/_next/static/jePgGTc3t0fm6nBoA2EVw/_buildManifest.js;litellm/proxy/_experimental/out/_next/static/jePgGTc3t0fm6nBoA2EVw/_ssgManifest.js;litellm/proxy/_experimental/out/index.html;litellm/proxy/_experimental/out/index.txt;litellm/proxy/_experimental/out/model_hub.txt;litellm/proxy/_experimental/out/onboarding.html;litellm/proxy/_experimental/out/onboarding.txt;ui/litellm-dashboard/out/404.html;ui/litellm-dashboard/out/_next/static/Sl93SLxMrM7IynQ6nBTD8/_buildManifest.js;ui/litellm-dashboard/out/_next/static/Sl93SLxMrM7IynQ6nBTD8/_ssgManifest.js;ui/litellm-dashboard/out/_next/static/chunks/250-9a2921f8b9df8d84.js;ui/litellm-dashboard/out/_next/static/chunks/250-b6fb18f207dfd445.js;ui/litellm-dashboard/out/_next/static/chunks/313-9496b55e0596d651.js;ui/litellm-dashboard/out/_next/static/chunks/313-bba577664545e320.js;ui/litellm-dashboard/out/_next/static/chunks/402-...,.../_buildManifest.js | 0 .../{jePgGTc3t0fm6nBoA2EVw => Sl93SLxMrM7IynQ6nBTD8}/_ssgManifest.js | 0 .../chunks/{250-9a2921f8b9df8d84.js => 250-b6fb18f207dfd445.js} | 0 .../chunks/{313-9496b55e0596d651.js => 313-bba577664545e320.js} | 2 +- .../chunks/{402-ba983153c902cb17.js => 402-cba8184a1bf36c3c.js} | 0 .../_experimental/out/_next/static/chunks/603-0fae74d4aee0db69.js | 2 +- .../chunks/{899-ebef5c8ffc176e86.js => 899-768e8bb08fd1e694.js} | 0 .../out/_next/static/chunks/app/page-1ec625cdd0995402.js | 2 +- litellm/proxy/_experimental/out/index.html | 2 +- litellm/proxy/_experimental/out/index.txt | 4 ++-- litellm/proxy/_experimental/out/model_hub.txt | 4 ++-- litellm/proxy/_experimental/out/onboarding.html | 2 +- litellm/proxy/_experimental/out/onboarding.txt | 4 ++-- ui/litellm-dashboar...,"{ ""dependencies"": { ""prism-react-renderer"": ""^2.4.1"", ""prisma"": ""^5.17.0"", ""react-copy-to-clipboard"": ""^5.1.0"" }, ""devDependencies"": { ""@types/react-copy-to-clipboard"": ""^5.0.7"" } }","{ ""dependencies"": { ""prism-react-renderer"": ""^2.4.1"", ""prisma"": ""^5.17.0"", ""react-copy-to-clipboard"": ""^5.1.0"" }, ""devDependencies"": { ""@types/react-copy-to-clipboard"": ""^5.0.7"" } }",artifact_at_governed_commit:ok,,,,,annotator_C,
a6c087c3535d,dagster-io/dagster,configuration,examples/assets_dbt_python/.github/workflows/examples/branch_deployments.yml,afe403e6bc6d4fe720b354f5744ff3efbc293659,[dagster-airbyte] Allow configuring destination namespace for managed connections (#10418) * [dagster-airbyte] Allow configuring destination namespace for managed connections * mypy,python_modules/libraries/dagster-airbyte/dagster_airbyte/__init__.py;python_modules/libraries/dagster-airbyte/dagster_airbyte/managed/__init__.py;python_modules/libraries/dagster-airbyte/dagster_airbyte/managed/reconciliation.py;python_modules/libraries/dagster-airbyte/dagster_airbyte/managed/types.py;python_modules/libraries/dagster-airbyte/dagster_airbyte_tests/integration/example_stacks/example_airbyte_stack.py;python_modules/libraries/dagster-airbyte/dagster_airbyte_tests/integration/test_managed_elements.py,".../dagster-airbyte/dagster_airbyte/__init__.py | 1 + .../dagster_airbyte/managed/__init__.py | 8 ++- .../dagster_airbyte/managed/reconciliation.py | 10 ++++ .../dagster_airbyte/managed/types.py | 20 +++++++- .../example_stacks/example_airbyte_stack.py | 46 +++++++++++++++++ .../integration/test_managed_elements.py | 58 ++++++++++++++++++++++ 6 files changed, 141 insertions(+), 2 deletions(-)",,,"artifact_at_governed_commit:unavailable_at_commit:fatal: la ruta 'examples/assets_dbt_python/.github/workflows/examples/branch_deployments.yml' existe en disco, pero no e",,,,,annotator_C,
7fda69f5754d,dagster-io/dagster,configuration,js_modules/dagit/packages/core/package.json,c1924a615c906aafb8400867d604a81d2004990e,"[dagit] Upgrade to Typescript 4.3.2 Summary: VScode now ships with TS 4.3.2, let's also go ahead and upgrade. Test Plan: Buildkite Reviewers: bengotow, prha Reviewed By: prha Differential Revision: https://dagster.phacility.com/D8342",js_modules/dagit/.yarn/releases/yarn-1.22.10.cjs;js_modules/dagit/.yarn/releases/yarn-2.4.2.cjs;js_modules/dagit/.yarn/releases/yarn-berry.cjs;js_modules/dagit/.yarnrc.yml;js_modules/dagit/package.json;js_modules/dagit/packages/app/package.json;js_modules/dagit/yarn.lock,"js_modules/dagit/.yarn/releases/yarn-1.22.10.cjs | 147392 ------------------ .../releases/{yarn-berry.cjs => yarn-2.4.2.cjs} | 10 +- js_modules/dagit/.yarnrc.yml | 56 +- js_modules/dagit/package.json | 2 +- js_modules/dagit/packages/app/package.json | 10 +- js_modules/dagit/packages/core/package.json | 6 +- js_modules/dagit/yarn.lock | 284 +- 7 files changed, 155 insertions(+), 147605 deletions(-)","{ ""name"": ""@dagit/core"", ""version"": ""1.0.0"", ""private"": true, ""description"": ""Dagit Core Components"", ""license"": ""MIT"", ""dependencies"": { ""@apollo/client"": ""^3.3.16"", ""@vx/gradient"": ""^0.0.192"", ""@vx/group"": ""^0.0.192"", ""@vx/legend"": ""^0.0.192"", ""@vx/network"": ""^0.0.192"", ""@vx/responsive"": ""^0.0.192"", ""@vx/scale"": ""^0.0.192"", ""@vx/shape"": ""^0.0.192"", ""amator"": ""^1.1.0"", ""ansi-to-react"": ""^5.1.0"", ""apollo-link"": ""^1.2.14"", ""chart.js"": ""^2.9.3"", ""chartjs-plugin-zoom"": ""^0.7.7"", ""codemirror"": ""^5.58.2"", ""color"": ""^3.1.2"", ""cronstrue"": ""^1.84.0"", ""csstype"": ""^3.0.7"", ""d3-hierarchy"": ""^1.1.6"", ""dagre"": ""^0.8.2"", ""fuse.js"": ""^6.4.2"", ""graphql"": ""^15.5.0"", ""graphql-tag"": ""^2.12.1"", ""highlight.js"": ""^10.4.0"", ""lodash"": ""^4.17.15"", ""lru-cache"": ""^6.0.0"", ""moment-timezone"": ""^0.5.31"", ""qs"": ""^6.10.1"", ""query-string"": ""^6.8.3"", ""react-chartjs-2"": ""^2.9.0"", ""react-codemirror2"": ""^7.2.1"", ""react-markdown"": ""^6.0.1"", ""react-virtualized"": ""^9.22.3"", ""remark-gfm"": ""^1.0.0"", ""styled-components"": ""^5.2.1"", ""subscriptions-transport-ws"": ""^0.9.15"", ""worker-loader"": ""^3.0.8"", ""yaml"": ""2.0.0-1"", ""yaml-language-server"": ""^0.5.8"" }, ""devDependencies"": { ""@babel/cli"": ""^7.13.10"", ""@babel/core"": ""^7.13.10"", ""@babel/plugin-proposal-class-properties"": ""^7.13.0"", ""@babel/plugin-proposal-nullish-coalescing-operator"": ""^7.13.8"", ""@babel/plugin-proposal-optional-chaining"": ""^7.6.0"", ""@babel/preset-env"": ""^7.7.1"", ""@babel/preset-react"": ""^7.13.13"", ""@babel/preset-typescript"": ""^7.7.2"", ""@babel/runtime"": ""^7.13.10"", ""@blueprintjs/core"": ""^3.23.0"", ""@blueprintjs/icons"": ""^3.13.0"", ""@blueprintjs/popover2"": ""0.3.0"", ""@blueprintjs/select"": ""^3.11.2"", ""@blueprintjs/table"": ""^3.8.3"", ""@storybook/addon-actions"": ""^6.2.8"", ""@storybook/addon-essentials"": ""^6.2.8"", ""@storybook/addon-links"": ""^6.2.8"", ""@storybook/node-logger"": ""^6.2.8"", ""@storybook/react"": ""^6.2.8"", ""@testing-library/dom"": ""^7.26.4"", ""@testing-library/jest-dom"": ""^5.11.5"", ""@testing-library/react"": ""^11.1.0"", ""@testing-library/user-event"": ""^12.1.10"", ""@types/chart.js"": ""^2.9.24"", ""@types/codemirror"": ""^0.0.80"", ""@types/color"": ""^3.0.0"", ""@types/dagre"": ""^0.7.42"", ""@types/faker"": ""^5.1.7"", ""@types/graphql"": ""^14.5.0"", ""@types/jest"": ""^26.0.23"", ""@types/lodash"": ""^4.14.145"", ""@types/lru-cache"": ""^5.1.0"", ""@types/moment-timezone"": ""^0.5.30"", ""@types/node"": ""^12.12.6"", ""@types/pretty"": ""^2.0.0"", ""@types/prop-types"": ""^15.7.3"", ""@types/qs"": ""^6.9.6"", ""@types/react"": ""^17.0.3"", ""@types/react-dom"": ""^17.0.3"", ""@types/react-router"": ""^5.1.2"", ""@types/react-router-dom"": ""^5.1.2"", ""@types/react-test-renderer"": ""^16.9.1"", ""@types/react-virtualized"": ""^9.21.5"", ""@types/styled-components"": ""^5.1.9"", ""@types/testing-library__jest-dom"": ""^5.9.5"", ""@types/ws"": ""^6.0.3"", ""@typescript-eslint/eslint-plugin"": ""4.26.1"", ""@typescript-eslint/parser"": ""4.26.1"", ""apollo"": ""^2.33.1"", ""babel-jest"": ""^26.6.3"", ""babel-loader"": ""8.2.2"", ""babel-plugin-graphql-tag"": ""^2.5.0"", ""babel-plugin-macros"": ""^2.8.0"", ""child-process"": ""^1.0.2"", ""concurrently"": ""^6.0.0"", ""deepmerge"": ""^4.2.2"", ""eslint"": ""^7.17.0"", ""eslint-config-prettier"": ""^8.1.0"", ""eslint-plugin-graphql"": ""^4.0.0"", ""eslint-plugin-import"": ""^2.22.0"", ""eslint-plugin-jsx-a11y"": ""6.4.1"", ""eslint-plugin-prettier"": ""^3.3.1"", ""eslint-plugin-react"": ""^7.22.0"", ""eslint-plugin-react-hooks"": ""^4.2.0"", ""faker"": ""5.2.0"", ""graphql-tools"": ""^7.0.0"", ""graphql.macro"": ""^1.4.2"", ""identity-obj-proxy"": ""^3.0.0"", ""jest"": ""^26.6.3"", ""jest-environment-jsdom-sixteen"": ""^1.0.3"", ""prettier"": ""2.2.1"", ""pretty"": ""^2.0.0"", ""react"": ""^17.0.2"", ""react-dom"": ""^17.0.2"", ""react-is"": ""^17.0.2"", ""react-refresh"": ""0.9.0"", ""react-router"": ""^5.1.2"", ""react-router-dom"": ""^5.1.2"", ""react-test-renderer"": ""^17.0.2"", ""source-map-explorer"": ""^2.5.0"", ""ts-node"": ""9.1.1"", ""ts-prune"": ""0.8.9"", ""typescript"": ""4.3.2"", ""webpack"": ""4.46.0"" }, ""peerDependencies"": { ""@blueprintjs/core"": ""^3.23.0"", ""@blueprintjs/icons"": ""^3.13.0"", ""@blueprintjs/popover2"": ""0.3.0"", ""@blueprintjs/select"": ""^3.11.2"", ""@blueprintjs/table"": ""^3.8.3""...","{ ""name"": ""@dagit/core"", ""version"": ""1.0.0"", ""private"": true, ""description"": ""Dagit Core Components"", ""license"": ""MIT"", ""dependencies"": { ""@apollo/client"": ""^3.3.16"", ""@vx/gradient"": ""^0.0.192"", ""@vx/group"": ""^0.0.192"", ""@vx/legend"": ""^0.0.192"", ""@vx/network"": ""^0.0.192"", ""@vx/responsive"": ""^0.0.192"", ""@vx/scale"": ""^0.0.192"", ""@vx/shape"": ""^0.0.192"", ""amator"": ""^1.1.0"", ""ansi-to-react"": ""^5.1.0"", ""apollo-link"": ""^1.2.14"", ""chart.js"": ""^2.9.3"", ""chartjs-plugin-zoom"": ""^0.7.7"", ""codemirror"": ""^5.58.2"", ""color"": ""^3.1.2"", ""cronstrue"": ""^1.84.0"", ""csstype"": ""^3.0.7"", ""d3-hierarchy"": ""^1.1.6"", ""dagre"": ""^0.8.2"", ""fuse.js"": ""^6.4.2"", ""graphql"": ""^15.5.0"", ""graphql-tag"": ""^2.12.1"", ""highlight.js"": ""^10.4.0"", ""lodash"": ""^4.17.15"", ""lru-cache"": ""^6.0.0"", ""moment-timezone"": ""^0.5.31"", ""qs"": ""^6.10.1"", ""query-string"": ""^6.8.3"", ""react-chartjs-2"": ""^2.9.0"", ""react-codemirror2"": ""^7.2.1"", ""react-markdown"": ""^6.0.1"", ""react-virtualized"": ""^9.22.3"", ""remark-gfm"": ""^1.0.0"", ""styled-components"": ""^5.2.1"", ""subscriptions-transport-ws"": ""^0.9.15"", ""worker-loader"": ""^3.0.8"", ""yaml"": ""2.0.0-1"", ""yaml-language-server"": ""^0.5.8"" }, ""devDependencies"": { ""@babel/cli"": ""^7.13.10"", ""@babel/core"": ""^7.13.1...",artifact_at_governed_commit:ok,,,,,annotator_C,
6d4535c0d94a,apache/airflow,configuration,go-sdk/go.mod,deb9948d0499f227c491724967713382de0fc3f6,Add Dutch (nl) translation agent skill guidelines (#62763) * Add Dutch (nl) translation agent skill guidelines * Fix license headers and formatting for Dutch translation skill * Address PR feedback: consistently translate Task to taak,github/skills/airflow-translations/locales/nl.md,".github/skills/airflow-translations/locales/nl.md | 147 +++++++++++++++++++++ .../airflow/ui/public/i18n/locales/nl/README.md | 40 ++++++ 2 files changed, 187 insertions(+)",module github.com/apache/airflow/go-sdk go 1.24.0 toolchain go1.24.6 require ( github.com/cappuccinotm/slogx v1.4.2 github.com/golang-jwt/jwt/v5 v5.3.0 github.com/hashicorp/go-hclog v1.6.3 github.com/hashicorp/go-plugin v1.7.0 github.com/ivanpirog/coloredcobra v1.0.2-0.20250501221745-46194c320708 github.com/oapi-codegen/runtime v1.1.1 github.com/spf13/cast v1.10.0 github.com/spf13/cobra v1.10.1 github.com/spf13/pflag v1.0.10 github.com/spf13/viper v1.20.1 github.com/stretchr/testify v1.11.1 google.golang.org/grpc v1.79.3 google.golang.org/protobuf v1.36.10 resty.dev/v3 v3.0.0-beta.2 ) require ( github.com/cespare/xxhash/v2 v2.3.0 // indirect github.com/davecgh/go-spew v1.1.1 // indirect github.com/fsnotify/fsnotify v1.8.0 // indirect github.com/go-viper/mapstructure/v2 v2.4.0 // indirect github.com/golang/protobuf v1.5.4 // indirect github.com/hashicorp/yamux v0.1.2 // indirect github.com/inconshreveable/mousetrap v1.1.0 // indirect github.com/oklog/run v1.1.0 // indirect github.com/pelletier/go-toml/v2 v2.2.3 // indirect github.com/pmezard/go-difflib v1.0.0 // indirect github.com/rogpeppe/go-internal v1.12.0 // indirect github.com/sagikazarmark/locafero v0.7.0 // indirect github.com/sourcegraph/conc v0.3.0 // indirect github.com/spf13/afero v1.12.0 // indirect github.com/stretchr/objx v0.5.2 // indirect github.com/subosito/gotenv v1.6.0 // indirect go.opentelemetry.io/otel v1.39.0 // indirect go.opentelemetry.io/otel/trace v1.39.0 // indirect go.uber.org/multierr v1.10.0 // indirect golang.org/x/net v0.48.0 // indirect google.golang.org/genproto/googleapis/rpc v0.0.0-20251202230838-ff82c1b0f217 // indirect gopkg.in/check.v1 v1.0.0-20201130134442-10cb98267c6c // indirect ) require ( github.com/MatusOllah/slogcolor v1.6.0 github.com/apapsch/go-jsonmerge/v2 v2.0.0 // indirect github.com/evanphx/go-hclog-slog v0.0.0-20240717231540-be48fc4c4df5 github.com/fatih/color v1.18.0 github.com/google/uuid v1.6.0 github.com/jarcoal/httpmock v1.4.0 github.com/mattn/go-colorable v0.1.14 // indirect github.com/mattn/go-isatty v0.0.20 // indirect github.com/samber/slog-http v1.8.2 golang.org/x/sys v0.39.0 // indirect golang.org/x/text v0.32.0 // indirect gopkg.in/yaml.v3 v3.0.1 // indirect ),module github.com/apache/airflow/go-sdk go 1.24.0 toolchain go1.24.6 require ( github.com/cappuccinotm/slogx v1.4.2 github.com/golang-jwt/jwt/v5 v5.3.0 github.com/hashicorp/go-hclog v1.6.3 github.com/hashicorp/go-plugin v1.7.0 github.com/ivanpirog/coloredcobra v1.0.2-0.20250501221745-46194c320708 github.com/oapi-codegen/runtime v1.1.1 github.com/spf13/cast v1.10.0 github.com/spf13/cobra v1.10.1 github.com/spf13/pflag v1.0.10 github.com/spf13/viper v1.20.1 github.com/stretchr/testify v1.11.1 google.golang.org/grpc v1.79.3 google.golang.org/protobuf v1.36.10 resty.dev/v3 v3.0.0-beta.2 ) require ( github.com/cespare/xxhash/v2 v2.3.0 // indirect github.com/davecgh/go-spew v1.1.1 // indirect github.com/fsnotify/fsnotify v1.8.0 // indirect github.com/go-viper/mapstructure/v2 v2.4.0 // indirect github.com/golang/protobuf v1.5.4 // indirect github.com/hashicorp/yamux v0.1.2 // indirect github.com/inconshreveable/mousetrap v1.1.0 // indirect github.com/oklog/run v1.1.0 // indirect github.com/pelletier/go-toml/v2 v2.2.3 // indirect github.com/pmezard/go-difflib v1.0.0 // indirect github.com/rogpeppe/go-internal v1.12.0 // indirect github.com/sagikazarmark/locafero v0.7.0 // indirect githu...,artifact_at_governed_commit:ok,,,,,annotator_C,
abad311c79f9,e2b-dev/E2B,configuration,packages/connect-python/go.mod,1fd6cd5be86107070de33bf34e2bd678d3254e91,Add possibility to change domain in python SDK,packages/python-sdk/e2b/__init__.py;packages/python-sdk/e2b/api/__init__.py;packages/python-sdk/e2b/constants.py;packages/python-sdk/e2b/sandbox/main.py;packages/python-sdk/e2b/sandbox/sandbox_connection.py,"packages/python-sdk/e2b/__init__.py | 5 +- packages/python-sdk/e2b/api/__init__.py | 17 +-- packages/python-sdk/e2b/constants.py | 7 +- packages/python-sdk/e2b/sandbox/main.py | 9 +- .../python-sdk/e2b/sandbox/sandbox_connection.py | 127 +++++++++++---------- 5 files changed, 84 insertions(+), 81 deletions(-)",,,"artifact_at_governed_commit:unavailable_at_commit:fatal: la ruta 'packages/connect-python/go.mod' existe en disco, pero no en '1fd6cd5be86107070de33bf34e2bd678d3254e91'",,,,,annotator_C,
b6ce1c603891,BerriAI/litellm,instructions,CLAUDE.md,700fcfa5fb54f4b0c0e1318a6d092f4febaf4a28,(feat) text_completion add transform_logprobs,litellm/utils.py,"litellm/utils.py | 47 ++++++++++++++++++++++++++++++++++++++++++++++- 1 file changed, 46 insertions(+), 1 deletion(-)",,,"artifact_at_governed_commit:unavailable_at_commit:fatal: la ruta 'CLAUDE.md' existe en disco, pero no en '700fcfa5fb54f4b0c0e1318a6d092f4febaf4a28'",,,,,annotator_C,
79cc1712d62d,prefecthq/prefect,documentation,README.md,982b6cb5f48e88923caa77adf5beb902e1128185,Add timeout to concepts->flows (#12550),docs/concepts/flows.md;docs/concepts/tasks.md,"docs/concepts/flows.md | 198 ++++++++++++++++++++++++++++--------------------- docs/concepts/tasks.md | 13 ++-- 2 files changed, 120 insertions(+), 91 deletions(-)","<p align=""center""><img src=""https://github.com/PrefectHQ/prefect/assets/3407835/c654cbc6-63e8-4ada-a92a-efd2f8f24b85"" width=1000></p> <p align=""center""> <a href=""https://pypi.python.org/pypi/prefect/"" alt=""PyPI version""> <img alt=""PyPI"" src=""https://img.shields.io/pypi/v/prefect?color=0052FF&labelColor=090422""></a> <a href=""https://github.com/prefecthq/prefect/"" alt=""Stars""> <img src=""https://img.shields.io/github/stars/prefecthq/prefect?color=0052FF&labelColor=090422"" /></a> <a href=""https://pepy.tech/badge/prefect/"" alt=""Downloads""> <img src=""https://img.shields.io/pypi/dm/prefect?color=0052FF&labelColor=090422"" /></a> <a href=""https://github.com/prefecthq/prefect/pulse"" alt=""Activity""> <img src=""https://img.shields.io/github/commit-activity/m/prefecthq/prefect?color=0052FF&labelColor=090422"" /></a> <br> <a href=""https://prefect.io/slack"" alt=""Slack""> <img src=""https://img.shields.io/badge/slack-join_community-red.svg?color=0052FF&labelColor=090422&logo=slack"" /></a> <a href=""https://discourse.prefect.io/"" alt=""Discourse""> <img src=""https://img.shields.io/badge/discourse-browse_forum-red.svg?color=0052FF&labelColor=090422&logo=discourse"" /></a> <a href=""https://www.youtube.com/c/PrefectIO/"" alt=""YouTube""> <img src=""https://img.shields.io/badge/youtube-watch_videos-red.svg?color=0052FF&labelColor=090422&logo=youtube"" /></a> </p> # Prefect Prefect is an orchestration and observability platform for building, observing, and triaging workflows. It's the simplest way to transform Python code into an interactive workflow application. Prefect allows you to expose your workflows through an API so teams dependent on you can programmatically access your pipelines, business logic, and more. Prefect also allows you to standardize workflow development and deployment across your organization. With Prefect, you can build resilient, dynamic workflows that react to the world around them and recover from unexpected changes. With just a few decorators, Prefect supercharges your code with features like automatic retries, distributed execution, scheduling, caching, and much more. Every activity is tracked and can be monitored with a self-hosted [Prefect server](https://docs.prefect.io/latest/guides/host/) instance or managed [Prefect Cloud](https://www.prefect.io/cloud-vs-oss?utm_source=oss&utm_medium=oss&utm_campaign=oss_gh_repo&utm_term=none&utm_content=none) dashboard. ## Getting started Prefect requires Python 3.8 or later. To [install Prefect](https://docs.prefect.io/getting-started/installation/), run the following command: ```bash pip install prefect ``` Then create and run a Python file that uses Prefect `flow` and `task` decorators to orchestrate and observe your workflow - in this case, a simple script that fetches the number of GitHub stars from a repository: ```python from prefect import flow, task from typing import List import httpx @task(log_prints=True) def get_stars(repo: str): url = f""https://api.github.com/repos/{repo}"" count = httpx.get(url).json()[""stargazers_count""] print(f""{repo} has {count} stars!"") @flow(name=""GitHub Stars"") def github_stars(repos: List[str]): for repo in repos: get_stars(repo) # run the flow! if __name__==""__main__"": github_stars([""PrefectHQ/Prefect""]) ``` Fire up the Prefect UI to see what happened: ```bash prefect server start ``` ![Prefect UI dashboard](/docs/img/ui/cloud-dashboard.png) To run your workflow on a schedule, turn it into a deployment and schedule it to run every minute by changing the last line of your script to the following: ```python github_stars.serve(name=""first-deployment"", cron=""* * * * *"") ``` You now have a server running locally that is looking for scheduled deployments! Additionally you can run your workflow manually from the UI or CLI - and if you're using Prefect Cloud, you can even run deployments in response to [events](https://docs.prefect.io/latest/concepts/automations/). ## Prefect Cloud Stop worrying about your workflows. Prefect Cloud allows you to centrally deploy...","<p align=""center""><img src=""https://github.com/PrefectHQ/prefect/assets/3407835/c654cbc6-63e8-4ada-a92a-efd2f8f24b85"" width=1000></p> <p align=""center""> <a href=""https://pypi.python.org/pypi/prefect/"" alt=""PyPI version""> <img alt=""PyPI"" src=""https://img.shields.io/pypi/v/prefect?color=0052FF&labelColor=090422""></a> <a href=""https://github.com/prefecthq/prefect/"" alt=""Stars""> <img src=""https://img.shields.io/github/stars/prefecthq/prefect?color=0052FF&labelColor=090422"" /></a> <a href=""https://pepy.tech/badge/prefect/"" alt=""Downloads""> <img src=""https://img.shields.io/pypi/dm/prefect?color=0052FF&labelColor=090422"" /></a> <a href=""https://github.com/prefecthq/prefect/pulse"" alt=""Activity""> <img src=""https://img.shields.io/github/commit-activity/m/prefecthq/prefect?color=0052FF&labelColor=090422"" /></a> <br> <a href=""https://prefect.io/slack"" alt=""Slack""> <img src=""https://img.shields.io/badge/slack-join_community-red.svg?color=0052FF&labelColor=090422&logo=slack"" /></a> <a href=""https://discourse.prefect.io/"" alt=""Discourse""> <img src=""https://img.shields.io/badge/discourse-browse_forum-red.svg?color=0052FF&labelColor=090422&logo=discourse"" /></a> <a href=""https://www.youtube.com...",artifact_at_governed_commit:ok,,,,,annotator_C,
cc69217b9807,BerriAI/litellm,configuration,pyproject.toml,012d9f6c0a3f6bbe8d284d2f74fe9b57bdd26835,feat(rate-limiter): allow opting out of v3 TPM reservation and Redis circuit breaker (#30211),litellm/caching/redis_cache.py;litellm/constants.py;litellm/proxy/hooks/parallel_request_limiter_v3.py;scripts/health_check/health_check_client.py;tests/test_litellm/caching/test_dual_cache.py;tests/test_litellm/proxy/hooks/test_parallel_request_limiter_v3.py,"litellm/caching/redis_cache.py | 16 ++- litellm/constants.py | 3 + litellm/proxy/hooks/parallel_request_limiter_v3.py | 28 ++++-- scripts/health_check/health_check_client.py | 4 +- tests/test_litellm/caching/test_dual_cache.py | 61 ++++++++++++ .../hooks/test_parallel_request_limiter_v3.py | 108 +++++++++++++++++++++ 6 files changed, 208 insertions(+), 12 deletions(-)","[project] name = ""litellm"" version = ""1.89.0"" description = ""Library to easily interface with LLM API providers"" readme = ""README.md"" requires-python = "">=3.10, <3.14"" license = ""MIT"" license-files = [""LICENSE""] authors = [ { name = ""BerriAI"" }, ] dependencies = [ # Ranges (not exact pins) so SDK consumers can coexist with their other # deps. Reproducibility for our Docker/CI comes from `uv.lock`. # When changing a floor, verify it installs + imports on every supported # Python with: `uv pip install --resolution=lowest-direct .` ""fastuuid>=0.14.0,<1.0"", ""httpx>=0.28.0,<1.0"", ""openai>=2.20.0,<3.0.0"", ""python-dotenv>=1.0.0,<2.0"", ""tiktoken>=0.8.0,<1.0"", ""importlib-metadata>=8.0.0,<9.0"", ""tokenizers>=0.21.0,<1.0"", ""click>=8.0.0,<9.0"", ""jinja2>=3.1.6,<4.0"", ""aiohttp>=3.10,<4.0"", ""pydantic>=2.10.0,<3.0.0"", ""jsonschema>=4.0.0,<5.0"", ] [project.urls] Homepage = ""https://litellm.ai"" Repository = ""https://github.com/BerriAI/litellm"" Documentation = ""https://docs.litellm.ai"" # Optional extras use compatible ranges (like the core SDK above) so downstream # consumers can coexist with other packages and pick up security patches without # forking. Reproducibility for our Docker/CI comes from `uv.lock` (images install # via `uv sync --frozen`). A few deps stay exact-pinned: litellm's own # sub-packages and the opentelemetry trio move in lockstep, and grpcio is # supply-chain-pinned to a vetted, aged release. [project.optional-dependencies] proxy = [ ""gunicorn>=23.0.0,<24.0"", ""uvicorn>=0.33.0,<1.0"", ""granian>=2.7.4,<3.0"", ""uvloop>=0.21.0,<1.0; sys_platform != 'win32'"", ""fastapi>=0.136.3,<1.0"", ""starlette>=1.0.1,<2.0"", ""backoff>=2.2.1,<3.0"", ""pyyaml>=6.0.3,<7.0"", ""rq>=2.7.0,<3.0"", ""orjson>=3.11.6,<4.0"", ""apscheduler>=3.11.2,<4.0"", ""fastapi-sso>=0.19.0,<1.0"", ""PyJWT>=2.13.0,<3.0"", ""python-multipart>=0.0.27,<1.0"", ""cryptography>=46.0.7,<47.0"", ""pynacl>=1.6.2,<2.0"", ""websockets>=15.0.1,<16.0"", ""boto3>=1.43.1,<2.0"", ""azure-identity>=1.25.2,<2.0"", ""azure-storage-blob>=12.28.0,<13.0"", ""mcp>=1.26.0,<2.0"", ""litellm-proxy-extras==0.4.74"", ""litellm-enterprise==0.1.42"", ""RestrictedPython>=8.1,<9.0"", ""rich>=13.9.4,<14.0"", ""polars>=1.38.1,<2.0"", ""soundfile>=0.12.1,<1.0"", ""pyroscope-io>=0.8.16,<1.0; sys_platform != 'win32'"", ""pydantic-settings>=2.14.1,<3.0"", ] # Thin client install for the `lite` CLI on developer laptops. The CLI's heavy # imports (fastapi, cryptography, ...) are all guarded, so it runs on the base # SDK plus just these three; none of the server runtime in `proxy` is pulled in. cli = [ ""rich>=13.9.4,<14.0"", ""pyyaml>=6.0.3,<7.0"", ""requests>=2.32.0,<3.0"", ] extra_proxy = [ ""prisma>=0.11.0,<1.0"", ""azure-identity>=1.25.2,<2.0"", ""azure-keyvault-secrets>=4.10.0,<5.0"", # Not in PyPI proxy extra. ""google-cloud-kms>=2.24.2,<3.0"", ""google-cloud-iam>=2.19.1,<3.0"", # Not in PyPI proxy extra. ""resend>=2.23.0,<3.0"", ""redisvl>=0.4.1,<1.0; python_version < '3.14'"", ""a2a-sdk>=0.3.24,<1.0"", ] utils = [ # Not in Docker or PyPI proxy extra. ""numpydoc>=1.8.0,<2.0"", ] caching = [""diskcache>=5.6.3,<6.0""] semantic-router = [ ""semantic-router>=0.1.15,<1.0; python_version < '3.14'"", ""aurelio-sdk>=0.0.19,<1.0; python_version < '3.14'"", ] mlflow = [""mlflow>=3.11.1,<4.0""] grpc = [ # Newest non-yanked release older than the 30-day cutoff. ""grpcio==1.78.0"", ] stt-nvidia-riva = [ # NVIDIA Riva STT provider (gRPC). These are imported lazily inside the # provider handler so litellm core remains usable without them. ""nvidia-riva-client>=2.15.0"", ""soundfile>=0.12.1"", ""audioread>=3.0.1"", ""numpy>=1.26.0"", ] google = [""google-cloud-aiplatform>=1.133.0,<2.0""] proxy-runtime = [ # Historically bundled in the proxy Docker images via requirements.txt. # Keep these in a dedicated extra so uv-based images preserve the same # feature surface without forcing the base SDK install to grow. ""google-cloud-aiplatform>=1.133.0,<2.0"", ""google-genai>=1.37.0,<2.0"", ""anthropic[vertex]>=0.84.0,<1.0"", ""grpcio==1.78.0"", ""prometheus-client>=0.20.0,<1.0"", ""langfuse>=2.59.7,<3.0"", ""opentelemetry-api=...","[project] name = ""litellm"" version = ""1.89.0"" description = ""Library to easily interface with LLM API providers"" readme = ""README.md"" requires-python = "">=3.10, <3.14"" license = ""MIT"" license-files = [""LICENSE""] authors = [ { name = ""BerriAI"" }, ] dependencies = [ # Ranges (not exact pins) so SDK consumers can coexist with their other # deps. Reproducibility for our Docker/CI comes from `uv.lock`. # When changing a floor, verify it installs + imports on every supported # Python with: `uv pip install --resolution=lowest-direct .` ""fastuuid>=0.14.0,<1.0"", ""httpx>=0.28.0,<1.0"", ""openai>=2.20.0,<3.0.0"", ""python-dotenv>=1.0.0,<2.0"", ""tiktoken>=0.8.0,<1.0"", ""importlib-metadata>=8.0.0,<9.0"", ""tokenizers>=0.21.0,<1.0"", ""click>=8.0.0,<9.0"", ""jinja2>=3.1.6,<4.0"", ""aiohttp>=3.10,<4.0"", ""pydantic>=2.10.0,<3.0.0"", ""jsonschema>=4.0.0,<5.0"", ] [project.urls] Homepage = ""https://litellm.ai"" Repository = ""https://github.com/BerriAI/litellm"" Documentation = ""https://docs.litellm.ai"" # Optional extras use compatible ranges (like the core SDK above) so downstream # consumers can coexist with other packages and pick up security patches without # forking. Reproducibility for our Docker/CI comes from ...",artifact_at_governed_commit:ok,,,,,annotator_C,
86fe45ee63cc,dagster-io/dagster,instructions,examples/docs_snippets/docs_snippets_tests/snippet_checks/guides/.cursor/rules/snippet_tests.mdc,308bff02c9458ff60cabff205322596fba5107f5,"deprecation warnings for intermediate storage config and defs Test Plan: unit Reviewers: sandyryza, schrockn, cdecarolis Reviewed By: sandyryza Differential Revision: https://dagster.phacility.com/D5633",MIGRATION.md;python_modules/dagster/dagster/core/definitions/intermediate_storage.py;python_modules/dagster/dagster/core/system_config/objects.py;python_modules/dagster/dagster_tests/core_tests/definitions_tests/test_storage_definitions.py,"MIGRATION.md | 57 ++++++++++++++++++---- .../core/definitions/intermediate_storage.py | 6 +++ .../dagster/dagster/core/system_config/objects.py | 16 +++--- .../definitions_tests/test_storage_definitions.py | 36 ++++++++++++++ 4 files changed, 97 insertions(+), 18 deletions(-)",,,artifact_at_governed_commit:unavailable_at_commit:fatal: la ruta 'examples/docs_snippets/docs_snippets_tests/snippet_checks/guides/.cursor/rules/snippet_tests.mdc' existe,,,,,annotator_C,
5d73f81395e1,prefecthq/prefect,configuration,ui/package.json,2314f2e1507e6d141e9ed5e7c14cb0fa213d9390,update test_client to use flow_run fixture,tests/test_client.py,"tests/test_client.py | 22 +++++++--------------- 1 file changed, 7 insertions(+), 15 deletions(-)",,,"artifact_at_governed_commit:unavailable_at_commit:fatal: la ruta 'ui/package.json' existe en disco, pero no en '2314f2e1507e6d141e9ed5e7c14cb0fa213d9390'",,,,,annotator_C,
4161108d5698,e2b-dev/E2B,configuration,package.json,b0957a36b660e1ae9c9eb7f77d410d49414e8790,Remove unused imports,api-service/codegen/callbacks/logs.py,"api-service/codegen/callbacks/logs.py | 3 +-- 1 file changed, 1 insertion(+), 2 deletions(-)","{ ""name"": ""ai-api"", ""version"": ""0.1.0"", ""private"": true, ""scripts"": { ""dev"": ""npx concurrently -p none \""next dev\"" \""yarn start:api\"" \""yarn start:playground\"""", ""dev:api-service"": ""npx concurrently \""yarn start:api\"" \""yarn start:playground\"""", ""build"": ""next build"", ""start:api"": ""cd api-service && PYTHONUNBUFFERED=1 poetry run flask --app app.py --debug run"", ""start:playground"": ""cd api-service/playground && yarn dev"", ""install:api-service"": ""cd api-service && poetry install && cd playground && yarn"", ""start"": ""next start"", ""lint"": ""next lint"", ""lint:fix"": ""next lint --fix"", ""dev:debug"": ""NODE_OPTIONS='--inspect' next dev"", ""db:generate"": ""prisma generate"", ""db:pull"": ""prisma db pull"", ""supabase:generate"": ""supabase gen types typescript --project-id \""ntjfcwpzsxugrykskdgi\"" --schema public > db/supabase.ts"", ""postinstall"": ""yarn db:generate"" }, ""dependencies"": { ""@prisma/client"": ""^4.11.0"", ""@supabase/auth-helpers-nextjs"": ""^0.5.5"", ""@supabase/auth-helpers-react"": ""^0.3.1"", ""@supabase/supabase-js"": ""^2.10.0"", ""clsx"": ""^1.2.1"", ""highlight.js"": ""^11.7.0"", ""human-id"": ""^4.0.0"", ""immer"": ""^9.0.19"", ""lucide-react"": ""^0.122.0"", ""nanoid"": ""^4.0.1"", ""next"": ""13.2.3"", ""next-superjson-plugin"": ""^0.5.6"", ""randomcolor"": ""^0.6.2"", ""react"": ""18.2.0"", ""react-dom"": ""18.2.0"", ""react-hot-keys"": ""^2.7.2"", ""react-markdown"": ""^8.0.5"", ""react-textarea-autosize"": ""^8.4.0"", ""sonner"": ""^0.1.6"", ""superjson"": ""^1.12.2"", ""swr"": ""^2.0.4"", ""usehooks-ts"": ""^2.9.1"", ""zustand"": ""^4.3.5"" }, ""devDependencies"": { ""@types/node"": ""^18.14.6"", ""@types/randomcolor"": ""^0.5.7"", ""@types/react"": ""^18.0.28"", ""@types/react-dom"": ""^18.0.11"", ""autoprefixer"": ""^10.4.13"", ""concurrently"": ""^7.6.0"", ""cssnano"": ""^5.1.15"", ""eslint"": ""^8.35.0"", ""eslint-config-next"": ""^13.2.3"", ""eslint-plugin-react"": ""^7.32.2"", ""eslint-plugin-tailwindcss"": ""^3.10.1"", ""eslint-plugin-unused-imports"": ""^2.0.0"", ""postcss"": ""^8.4.21"", ""postcss-import"": ""^15.1.0"", ""prisma"": ""^4.11.0"", ""supabase"": ""^1.41.6"", ""tailwindcss"": ""^3.2.7"", ""typescript"": ""^4.9.5"" } }","{ ""name"": ""ai-api"", ""version"": ""0.1.0"", ""private"": true, ""scripts"": { ""dev"": ""npx concurrently -p none \""next dev\"" \""yarn start:api\"" \""yarn start:playground\"""", ""dev:api-service"": ""npx concurrently \""yarn start:api\"" \""yarn start:playground\"""", ""build"": ""next build"", ""start:api"": ""cd api-service && PYTHONUNBUFFERED=1 poetry run flask --app app.py --debug run"", ""start:playground"": ""cd api-service/playground && yarn dev"", ""install:api-service"": ""cd api-service && poetry install && cd playground && yarn"", ""start"": ""next start"", ""lint"": ""next lint"", ""lint:fix"": ""next lint --fix"", ""dev:debug"": ""NODE_OPTIONS='--inspect' next dev"", ""db:generate"": ""prisma generate"", ""db:pull"": ""prisma db pull"", ""supabase:generate"": ""supabase gen types typescript --project-id \""ntjfcwpzsxugrykskdgi\"" --schema public > db/supabase.ts"", ""postinstall"": ""yarn db:generate"" }, ""dependencies"": { ""@prisma/client"": ""^4.11.0"", ""@supabase/auth-helpers-nextjs"": ""^0.5.5"", ""@supabase/auth-helpers-react"": ""^0.3.1"", ""@supabase/supabase-js"": ""^2.10.0"", ""clsx"": ""^1.2.1"", ""highlight.js"": ""^11.7.0"", ""human-id"": ""^4.0.0"", ""immer"": ""^9.0.19"", ""lucide-react"": ""^0.122.0"", ""nanoid"": ""^4.0.1"", ""next"": ""13.2.3"", ""next-superjson-...",artifact_at_governed_commit:ok,,,,,annotator_C,
6b27f974dc68,dagster-io/dagster,configuration,pyproject.toml,b1445a894f79fd891924414670d4e5c138dc216d,"Skip failing pandera guide test (#19912) ## Summary & Motivation Some dependency of pandera is causing breakage of one of our docs_snippets tests. The same issue is afflicting other users of pandera: https://github.com/unionai-oss/pandera/issues/1500 Since it is not clear what nth-order dependency of pandera needs to be pinned, just skip this test and wait for the upstream pandera fix.",examples/docs_snippets/docs_snippets_tests/guides_tests/dagster_type_factories_tests/test_pandas_dagster_types_examples.py,".../dagster_type_factories_tests/test_pandas_dagster_types_examples.py | 2 ++ 1 file changed, 2 insertions(+)","# ######################## # ##### PYRIGHT # ######################## # [Docs root] # https://github.com/microsoft/pyright/tree/main/docs # [Config option reference] # https://github.com/microsoft/pyright/blob/main/docs/configuration.md # Pyright does not have a docs site, but the documentation (a collection of # markdown files in the GH repo, linked above) is pretty thorough. [tool.pyright] include = [ "".buildkite/dagster-buildkite"", ""docs/dagster-ui-screenshot"", ""docs/sphinx/_ext/dagster-sphinx"", ""python_modules"", ""examples"", ""integration_tests"", ""scripts"", ] # Unfortunately pyright does not offer a way to extend the default exclusions, so we have to # reiterate them here if we want to add anything else. exclude = [ ""**/node_modules"", ""**/__pycache__"", ""**/__generated__"", ""**/vendor"", ""**/.tox"", "".git"", ""**/.venv*"", ""**/build"", ] # These two settings point pyright to a python environment to resolve imports against. This virtual # environment is defined in the `pyright` tox environment in the tox section below-- that # environment must be built before pyright can run correctly. venv = "".venv"" venvPath = ""pyright/master"" # Set to false to help us during the transition from mypy to pyright. Mypy does # not analyze unannotated functions by default, and so as of 2023-02 the codebase contains a large # number of type errors in unannotated functions. Eventually we can turn off this setting. analyzeUnannotatedFunctions = false # Minimum version of Python on which code must run. This determines the standard library stubs used by # pyright. pythonVersion = ""3.8"" # Use ""basic"" ruleset. This differs from strict in several ways, but most # importantly it does not flag untyped code as an error. typeCheckingMode = ""basic"" # Disable reading type annotations from libraries that are not explicitly marked as typed (i.e. that # include a py.typed file). All imports from these libraries are given the `Unknown` type (i.e. # `Any`). This setting does not affect `py.typed` libraries. useLibraryCodeForTypes = false # We use ruff for this. reportInvalidStringEscapeSequence = false # As of 2023-02-02, there are still many `py.typed` libs that are not compliant with the standards # for defining a public API. reportPrivateImportUsage = false # Since we only use pyright, there is no need to suppress type errors that pyright does not # recognize. reportUnnecessaryTypeIgnoreComment = ""warning"" # ######################## # ##### PYTEST # ######################## [tool.pytest.ini_options] filterwarnings = [ ""ignore::dagster.ExperimentalWarning"", ""ignore::DeprecationWarning"", ""ignore::UserWarning"", ""ignore::pytest.PytestCollectionWarning"", ] # ######################## # ##### RUFF # ######################## # [Docs root] # https://beta.ruff.rs/docs/ # [Config option reference] # https://beta.ruff.rs/docs/configuration/ # # As of 2022-12-05, the entire documentation of Ruff is in its very long # README. [tool.ruff] target-version = ""py38"" extend-exclude = [ ""*/__generated__/*"", ""*/dagster_airflow/vendor/*"", ""*/snapshots/*"", ] # Codebase-wide default line length. Override in package-specific pyproject.toml where a different # length is desired. line-length = 100 # Fail if Ruff is not running this version. required-version = ""0.2.0"" [tool.ruff.lint] ignore = [ # (missing public docstrings) These work off of the Python sense of ""public"", rather than our # bespoke definition based off of `@public`. When ruff supports custom plugins then we can write # appropriate rules to require docstrings for `@public`. ""D100"", ""D101"", ""D102"", ""D103"", ""D104"", ""D105"", ""D106"", ""D107"", # (docstring imperative mood) Overly restrictive. ""D401"", # (module level import not at top) There are several places where we use e.g. # warnings.filterwarings calls before imports. ""E402"", # (line too long): This fires for comments, which the ruff formatter won't auto-wrap. Disabling # until there is an autoformat solution available for comments. ""E501"", # (no type comparison): There are a few p...","# ######################## # ##### PYRIGHT # ######################## # [Docs root] # https://github.com/microsoft/pyright/tree/main/docs # [Config option reference] # https://github.com/microsoft/pyright/blob/main/docs/configuration.md # Pyright does not have a docs site, but the documentation (a collection of # markdown files in the GH repo, linked above) is pretty thorough. [tool.pyright] include = [ "".buildkite/dagster-buildkite"", ""docs/dagster-ui-screenshot"", ""docs/sphinx/_ext/dagster-sphinx"", ""python_modules"", ""examples"", ""integration_tests"", ""scripts"", ] # Unfortunately pyright does not offer a way to extend the default exclusions, so we have to # reiterate them here if we want to add anything else. exclude = [ ""**/node_modules"", ""**/__pycache__"", ""**/__generated__"", ""**/vendor"", ""**/.tox"", "".git"", ""**/.venv*"", ""**/build"", ] # These two settings point pyright to a python environment to resolve imports against. This virtual # environment is defined in the `pyright` tox environment in the tox section below-- that # environment must be built before pyright can run correctly. venv = "".venv"" venvPath = ""pyright/master"" # Set to false to help us during the transition from mypy ...",artifact_at_governed_commit:ok,,,,,annotator_C,
b7dbf7614bc6,BerriAI/litellm,configuration,cookbook/gollem_go_agent_framework/go.mod,f7150cdba21943818df77ec7583cdb1883b3b83f,ui - slect start and end date,ui/litellm-dashboard/src/components/model_dashboard.tsx,".../src/components/model_dashboard.tsx | 46 +++++++++++++++------- 1 file changed, 31 insertions(+), 15 deletions(-)",,,"artifact_at_governed_commit:unavailable_at_commit:fatal: la ruta 'cookbook/gollem_go_agent_framework/go.mod' existe en disco, pero no en 'f7150cdba21943818df77ec7583cdb18",,,,,annotator_C,
8619d364856c,All-Hands-AI/OpenHands,configuration,package.json,d33f27d141d1b044929f7d473537bc988c8e304f,refactor(frontend): separate the microagents and conversations (microagent management) (#10596) Co-authored-by: amanape <83104063+amanape@users.noreply.github.com> Co-authored-by: openhands <openhands@all-hands.dev>,frontend/src/components/features/microagent-management/microagent-management-repo-microagents.tsx;frontend/src/i18n/declaration.ts;frontend/src/i18n/translation.json,".../microagent-management-repo-microagents.tsx | 56 ++++++++++++++-------- frontend/src/i18n/declaration.ts | 2 + frontend/src/i18n/translation.json | 32 +++++++++++++ 3 files changed, 71 insertions(+), 19 deletions(-)",,,artifact_at_governed_commit:unavailable_at_commit:fatal: ruta 'package.json' no existe en 'd33f27d141d1b044929f7d473537bc988c8e304f',,,,,annotator_C,
4f004fee3aad,crewAIInc/crewAI,configuration,pyproject.toml,820c3905e312ae9cfbc38a8fa9172a09fd1d7934,feat: bump versions to 1.14.7a4,lib/cli/pyproject.toml;lib/cli/src/crewai_cli/__init__.py;lib/cli/src/crewai_cli/templates/crew/pyproject.toml;lib/cli/src/crewai_cli/templates/flow/pyproject.toml;lib/cli/src/crewai_cli/templates/tool/pyproject.toml;lib/crewai-core/src/crewai_core/__init__.py;lib/crewai-files/src/crewai_files/__init__.py;lib/crewai-tools/pyproject.toml;lib/crewai-tools/src/crewai_tools/__init__.py;lib/crewai/pyproject.toml;lib/crewai/src/crewai/__init__.py;lib/devtools/src/crewai_devtools/__init__.py,"lib/cli/pyproject.toml | 2 +- lib/cli/src/crewai_cli/__init__.py | 2 +- lib/cli/src/crewai_cli/templates/crew/pyproject.toml | 2 +- lib/cli/src/crewai_cli/templates/flow/pyproject.toml | 2 +- lib/cli/src/crewai_cli/templates/tool/pyproject.toml | 2 +- lib/crewai-core/src/crewai_core/__init__.py | 2 +- lib/crewai-files/src/crewai_files/__init__.py | 2 +- lib/crewai-tools/pyproject.toml | 2 +- lib/crewai-tools/src/crewai_tools/__init__.py | 2 +- lib/crewai/pyproject.toml | 6 +++--- lib/crewai/src/crewai/__init__.py | 2 +- lib/devtools/src/crewai_devtools/__init__.py | 2 +- 12 files changed, 14 insertions(+), 14 deletions(-)","name = ""crewai-workspace"" description = ""Cutting-edge framework for orchestrating role-playing, autonomous AI agents. By fostering collaborative intelligence, CrewAI empowers agents to work together seamlessly, tackling complex tasks."" readme = ""README.md"" requires-python = "">=3.10,<3.14"" authors = [ { name = ""Joao Moura"", email = ""joao@crewai.com"" } ] [dependency-groups] dev = [ ""ruff==0.15.1"", ""mypy==1.19.1"", ""pre-commit==4.5.1"", ""bandit==1.9.2"", ""pytest==9.0.3"", ""pytest-asyncio==1.3.0"", ""pytest-subprocess==1.5.3"", ""vcrpy==7.0.0"", # pinned, less versions break pytest-recording ""pytest-recording==0.13.4"", ""pytest-randomly==4.0.1"", ""pytest-timeout==2.4.0"", ""pytest-xdist==3.8.0"", ""pytest-split==0.11.0"", ""types-requests~=2.31.0.6"", ""types-pyyaml==6.0.*"", ""types-regex==2026.1.15.*"", ""types-appdirs==1.4.*"", ""boto3-stubs[bedrock-runtime]==1.42.40"", ""types-psycopg2==2.9.21.20251012"", ""types-pymysql==1.1.0.20250916"", ""types-aiofiles~=25.1.0"", ""types-redis~=4.6"", ""commitizen>=4.13.9"", ""pip-audit==2.9.0"", ] [tool.ruff] src = [""lib/*""] extend-exclude = [ ""lib/crewai/src/crewai/cli/templates"", ""lib/cli/src/crewai_cli/templates"", ""lib/crewai/tests/"", ""lib/crewai-tools/tests/"", ""lib/cli/tests/"", ] respect-gitignore = true force-exclude = true fix = true target-version = ""py310"" [tool.ruff.format] docstring-code-format = true [tool.ruff.lint] future-annotations = true extend-select = [ ""E"", # pycodestyle errors (style issues) ""F"", # Pyflakes (code errors) ""B"", # flake8-bugbear (bug prevention) ""S"", # bandit (security issues) ""RUF"", # ruff-specific rules ""N"", # pep8-naming (naming conventions) ""W"", # pycodestyle warnings ""I"", # isort (import formatting) ""T"", # flake8-print (print statements) # ""D"", # pydocstyle (docstring conventions) disabled until ""PERF"", # performance issues ""PIE"", # flake8-pie (unnecessary code) ""TID"", # flake8-tidy-imports (import best practices) ""ASYNC"", # async/await best practices ""RET"", # flake8-return (return improvements) ""SIM118"", # use `key in dict` instead of `key in dict.keys()` ""UP006"", # use collections.abc ""UP007"", # use X | Y for unions ""UP035"", # use dict/list instead of typing.Dict/List ""UP037"", # remove quotes from type annotations ""UP045"", # use X | None instead of Optional[X] ""UP004"", # use isinstance instead of type ""UP008"", # use super() instead of super(Class, self) ""UP010"", # use isinstance for type checks ""UP018"", # use str() instead of ""string"" ""UP031"", # use f-strings for .format() ""UP032"", # use f-strings for .format() with positional ""I001"", # sort imports ""I002"", # remove unused imports ] ignore = [""E501""] # ignore line too long globally [tool.ruff.lint.flake8-tidy-imports] ban-relative-imports = ""all"" [tool.ruff.lint.flake8-type-checking] runtime-evaluated-base-classes = [""pydantic.BaseModel""] [tool.ruff.lint.isort] no-sections = false case-sensitive = true combine-as-imports = true force-single-line = false force-sort-within-sections = true known-first-party = [] section-order = [""future"", ""standard-library"", ""third-party"", ""first-party"", ""local-folder""] lines-after-imports = 2 split-on-trailing-comma = true [tool.ruff.lint.pydocstyle] convention = ""google"" ignore-decorators = [""typing.overload""] [tool.ruff.lint.per-file-ignores] ""lib/crewai/tests/**/*.py"" = [""S101"", ""RET504"", ""S105"", ""S106""] # Allow assert statements, unnecessary assignments, and hardcoded passwords in tests ""lib/crewai-tools/tests/**/*.py"" = [""S101"", ""RET504"", ""S105"", ""S106"", ""RUF012"", ""N818"", ""E402"", ""RUF043"", ""S110"", ""B017""] # Allow various test-specific patterns ""lib/crewai-files/tests/**/*.py"" = [""S101"", ""RET504"", ""S105"", ""S106"", ""B017"", ""F841""] # Allow assert statements and blind exception assertions in tests ""lib/cli/tests/**/*.py"" = [""S101"", ""RET504"", ""S105"", ""S106""] # Allow assert statements in tests ""lib/crewai-core/tests/**/*.py"" = [""S101"", ""RET504"", ""S105"", ""S106""] # Allow assert statements in tests ""lib/devtools/tests/**/*.py"" = [""S101""] [tool.mypy] strict = true disallow_untyped_defs = true disallow_any_u...","name = ""crewai-workspace"" description = ""Cutting-edge framework for orchestrating role-playing, autonomous AI agents. By fostering collaborative intelligence, CrewAI empowers agents to work together seamlessly, tackling complex tasks."" readme = ""README.md"" requires-python = "">=3.10,<3.14"" authors = [ { name = ""Joao Moura"", email = ""joao@crewai.com"" } ] [dependency-groups] dev = [ ""ruff==0.15.1"", ""mypy==1.19.1"", ""pre-commit==4.5.1"", ""bandit==1.9.2"", ""pytest==9.0.3"", ""pytest-asyncio==1.3.0"", ""pytest-subprocess==1.5.3"", ""vcrpy==7.0.0"", # pinned, less versions break pytest-recording ""pytest-recording==0.13.4"", ""pytest-randomly==4.0.1"", ""pytest-timeout==2.4.0"", ""pytest-xdist==3.8.0"", ""pytest-split==0.11.0"", ""types-requests~=2.31.0.6"", ""types-pyyaml==6.0.*"", ""types-regex==2026.1.15.*"", ""types-appdirs==1.4.*"", ""boto3-stubs[bedrock-runtime]==1.42.40"", ""types-psycopg2==2.9.21.20251012"", ""types-pymysql==1.1.0.20250916"", ""types-aiofiles~=25.1.0"", ""types-redis~=4.6"", ""commitizen>=4.13.9"", ""pip-audit==2.9.0"", ] [tool.ruff] src = [""lib/*""] extend-exclude = [ ""lib/crewai/src/crewai/cli/templates"", ""lib/cli/src/crewai_cli/templates"", ""lib/crewai/tests/"", ""lib/crewai-tools/tests/"", ""lib/cli/test...",artifact_at_governed_commit:ok,,,,,annotator_C,
535804d8002b,Egonex-AI/Understand-Anything,configuration,package.json,5e86254b7775b9759dbaa05b667e77241885b1bc,feat(core): add IgnoreFilter module with .understandignore parsing and tests Co-Authored-By: Claude Opus 4.6 (1M context) <noreply@anthropic.com>,understand-anything-plugin/packages/core/src/__tests__/ignore-filter.test.ts;understand-anything-plugin/packages/core/src/ignore-filter.ts,".../core/src/__tests__/ignore-filter.test.ts | 153 +++++++++++++++++++++ .../packages/core/src/ignore-filter.ts | 112 +++++++++++++++ 2 files changed, 265 insertions(+)","{ ""name"": ""understand-anything"", ""private"": true, ""type"": ""module"", ""main"": "".opencode/plugins/understand-anything.js"", ""packageManager"": ""pnpm@10.6.2+sha512.47870716bea1572b53df34ad8647b42962bc790ce2bf4562ba0f643237d7302a3d6a8ecef9e4bdfc01d23af1969aa90485d4cebb0b9638fa5ef1daef656f6c1b"", ""scripts"": { ""prepare"": ""pnpm --filter @understand-anything/core build"", ""build"": ""pnpm -r build"", ""test"": ""vitest"", ""dev:dashboard"": ""pnpm --filter @understand-anything/dashboard dev"", ""lint"": ""eslint ."" }, ""devDependencies"": { ""typescript"": ""^5.7.0"", ""vitest"": ""^3.1.0"" } }","{ ""name"": ""understand-anything"", ""private"": true, ""type"": ""module"", ""main"": "".opencode/plugins/understand-anything.js"", ""packageManager"": ""pnpm@10.6.2+sha512.47870716bea1572b53df34ad8647b42962bc790ce2bf4562ba0f643237d7302a3d6a8ecef9e4bdfc01d23af1969aa90485d4cebb0b9638fa5ef1daef656f6c1b"", ""scripts"": { ""prepare"": ""pnpm --filter @understand-anything/core build"", ""build"": ""pnpm -r build"", ""test"": ""vitest"", ""dev:dashboard"": ""pnpm --filter @understand-anything/dashboard dev"", ""lint"": ""eslint ."" }, ""devDependencies"": { ""typescript"": ""^5.7.0"", ""vitest"": ""^3.1.0"" } }",artifact_at_governed_commit:ok,,,,,annotator_C,
c2f82afc7c43,HKUDS/CLI-Anything,configuration,sketch/agent-harness/package.json,4a06d2046e85012b943203b559ef2d919b734840,fix: require an anchor for block insert Add --next option for insertBlock anchor support. Validate that at least one anchor (--parent/--previous/--next) is provided. Add REPL usage error for missing anchor. Co-Authored-By: Claude Opus 4.7 <noreply@anthropic.com>,siyuan/agent-harness/cli_anything/siyuan/siyuan_cli.py;siyuan/agent-harness/cli_anything/siyuan/tests/test_cli_commands.py,".../cli_anything/siyuan/siyuan_cli.py | 14 ++++-- .../cli_anything/siyuan/tests/test_cli_commands.py | 56 ++++++++++++++++++++++ 2 files changed, 65 insertions(+), 5 deletions(-)","{ ""name"": ""sketch-harness"", ""version"": ""1.0.0"", ""description"": ""CLI tool to generate Sketch files from JSON design specs — CLI-Anything harness for Sketch"", ""main"": ""src/cli.js"", ""bin"": { ""sketch-cli"": ""src/cli.js"" }, ""scripts"": { ""test"": ""jest --verbose"", ""build:login"": ""node src/cli.js build --input examples/login-page.json --output output/login-page.sketch"", ""build:dashboard"": ""node src/cli.js build --input examples/dashboard.json --output output/dashboard.sketch"", ""build:cards"": ""node src/cli.js build --input examples/card-list.json --output output/card-list.sketch"", ""build:all"": ""npm run build:login && npm run build:dashboard && npm run build:cards"" }, ""dependencies"": { ""sketch-constructor"": ""^1.26.0"", ""commander"": ""^11.0.0"" }, ""devDependencies"": { ""jest"": ""^29.0.0"" }, ""engines"": { ""node"": "">=16.0.0"" } }","{ ""name"": ""sketch-harness"", ""version"": ""1.0.0"", ""description"": ""CLI tool to generate Sketch files from JSON design specs — CLI-Anything harness for Sketch"", ""main"": ""src/cli.js"", ""bin"": { ""sketch-cli"": ""src/cli.js"" }, ""scripts"": { ""test"": ""jest --verbose"", ""build:login"": ""node src/cli.js build --input examples/login-page.json --output output/login-page.sketch"", ""build:dashboard"": ""node src/cli.js build --input examples/dashboard.json --output output/dashboard.sketch"", ""build:cards"": ""node src/cli.js build --input examples/card-list.json --output output/card-list.sketch"", ""build:all"": ""npm run build:login && npm run build:dashboard && npm run build:cards"" }, ""dependencies"": { ""sketch-constructor"": ""^1.26.0"", ""commander"": ""^11.0.0"" }, ""devDependencies"": { ""jest"": ""^29.0.0"" }, ""engines"": { ""node"": "">=16.0.0"" } }",artifact_at_governed_commit:ok,,,,,annotator_C,
6a3446feed5a,HKUDS/CLI-Anything,configuration,sketch/agent-harness/package.json,1bbaa8463129a294a23ac3e6f14df1a2ce7ef958,feat: add hacker-feeds-cli to registry,registry.json,"registry.json | 19 +++++++++++++++++++ 1 file changed, 19 insertions(+)","{ ""name"": ""sketch-harness"", ""version"": ""1.0.0"", ""description"": ""CLI tool to generate Sketch files from JSON design specs — CLI-Anything harness for Sketch"", ""main"": ""src/cli.js"", ""bin"": { ""sketch-cli"": ""src/cli.js"" }, ""scripts"": { ""test"": ""jest --verbose"", ""build:login"": ""node src/cli.js build --input examples/login-page.json --output output/login-page.sketch"", ""build:dashboard"": ""node src/cli.js build --input examples/dashboard.json --output output/dashboard.sketch"", ""build:cards"": ""node src/cli.js build --input examples/card-list.json --output output/card-list.sketch"", ""build:all"": ""npm run build:login && npm run build:dashboard && npm run build:cards"" }, ""dependencies"": { ""sketch-constructor"": ""^1.26.0"", ""commander"": ""^11.0.0"" }, ""devDependencies"": { ""jest"": ""^29.0.0"" }, ""engines"": { ""node"": "">=16.0.0"" } }","{ ""name"": ""sketch-harness"", ""version"": ""1.0.0"", ""description"": ""CLI tool to generate Sketch files from JSON design specs — CLI-Anything harness for Sketch"", ""main"": ""src/cli.js"", ""bin"": { ""sketch-cli"": ""src/cli.js"" }, ""scripts"": { ""test"": ""jest --verbose"", ""build:login"": ""node src/cli.js build --input examples/login-page.json --output output/login-page.sketch"", ""build:dashboard"": ""node src/cli.js build --input examples/dashboard.json --output output/dashboard.sketch"", ""build:cards"": ""node src/cli.js build --input examples/card-list.json --output output/card-list.sketch"", ""build:all"": ""npm run build:login && npm run build:dashboard && npm run build:cards"" }, ""dependencies"": { ""sketch-constructor"": ""^1.26.0"", ""commander"": ""^11.0.0"" }, ""devDependencies"": { ""jest"": ""^29.0.0"" }, ""engines"": { ""node"": "">=16.0.0"" } }",artifact_at_governed_commit:ok,,,,,annotator_C,
